{
  "mae": 16436.25738045891,
  "rmse": 23725.37630983152,
  "r2": 0.9944124343951407,
  "components": {
    "S_xx": {
      "r2": 0.9935452067850179,
      "rmse": 26349.285326028727,
      "mae": 18532.5247191734
    },
    "S_yy": {
      "r2": 0.9924239711268081,
      "rmse": 27085.895525398853,
      "mae": 20228.83329885878
    },
    "S_xy": {
      "r2": 0.9972681252735959,
      "rmse": 16147.751221889876,
      "mae": 10547.414123344559
    }
  }
}