{
  "mae": 192435.1381219798,
  "rmse": 368274.19616165414,
  "r2": 0.7284261793086996,
  "components": {
    "S_xx": {
      "r2": 0.7928632689431752,
      "rmse": 398263.3099979634,
      "mae": 212876.27623331905
    },
    "S_yy": {
      "r2": 0.7400972749969019,
      "rmse": 329034.9603494186,
      "mae": 164878.9994823187
    },
    "S_xy": {
      "r2": 0.6523179939860266,
      "rmse": 374165.7138927361,
      "mae": 199550.138650301
    }
  }
}