{
  "mae": 7637.809683014871,
  "rmse": 14424.541292016573,
  "r2": 0.9979398329977881,
  "components": {
    "S_xx": {
      "r2": 0.9975292452995462,
      "rmse": 16302.060048342391,
      "mae": 9516.683711463476
    },
    "S_yy": {
      "r2": 0.9968645223791671,
      "rmse": 17425.05835187471,
      "mae": 9807.160780023312
    },
    "S_xy": {
      "r2": 0.9994257313146507,
      "rmse": 7403.536592012859,
      "mae": 3589.5845575578096
    }
  }
}