{
  "mae": 30887.798653930902,
  "rmse": 66825.55202292967,
  "r2": 0.9919072745570183,
  "components": {
    "S_xx": {
      "r2": 0.9904831654379772,
      "rmse": 85366.60296705985,
      "mae": 44390.59784163812
    },
    "S_yy": {
      "r2": 0.9880766502353286,
      "rmse": 70475.11126031507,
      "mae": 35950.096470791614
    },
    "S_xy": {
      "r2": 0.9971620079977492,
      "rmse": 33804.80735366434,
      "mae": 12322.701649363202
    }
  }
}